<?xml version="1.0" encoding="UTF-8"?>
<project-private xmlns="http://www.netbeans.org/ns/project-private/1">
    <editor-bookmarks xmlns="http://www.netbeans.org/ns/editor-bookmarks/2" lastBookmarkId="0"/>
    <open-files xmlns="http://www.netbeans.org/ns/projectui-open-files/2">
        <group>
            <file>file:/B:/JavaProject/CIX-app/src/java/fit5192/stu29184517/application.java</file>
            <file>file:/B:/JavaProject/CIX-app/src/java/fit5192/stu29184517/gui/GUIimpl.java</file>
        </group>
    </open-files>
</project-private>
