<?xml version="1.0" encoding="UTF-8"?>
<project-private xmlns="http://www.netbeans.org/ns/project-private/1">
    <editor-bookmarks xmlns="http://www.netbeans.org/ns/editor-bookmarks/2" lastBookmarkId="0"/>
    <open-files xmlns="http://www.netbeans.org/ns/projectui-open-files/2">
        <group>
            <file>file:/B:/JavaProject/CIX-war/src/java/fit5192/stu29184517/UserManage.java</file>
            <file>file:/B:/JavaProject/CIX-war/web/pages-login.xhtml</file>
            <file>file:/B:/JavaProject/CIX-war/web/profile.xhtml</file>
            <file>file:/B:/JavaProject/CIX-war/src/java/fit5192/stu29184517/FirstManager.java</file>
            <file>file:/B:/JavaProject/CIX-war/web/commoditytrade.xhtml</file>
            <file>file:/B:/JavaProject/CIX-war/web/WEB-INF/web.xml</file>
            <file>file:/B:/JavaProject/CIX-war/src/java/fit5192/stu29184517/UserBean.java</file>
            <file>file:/B:/JavaProject/CIX-war/src/java/fit5192/stu29184517/UserSave.java</file>
            <file>file:/B:/JavaProject/CIX-war/web/resources/css/style.css</file>
            <file>file:/B:/JavaProject/CIX-war/web/usercontrol.xhtml</file>
            <file>file:/B:/JavaProject/CIX-war/web/index.xhtml</file>
            <file>file:/B:/JavaProject/CIX-war/src/java/fit5192/stu29184517/MainPage.java</file>
            <file>file:/B:/JavaProject/CIX-war/web/commoditylist.xhtml</file>
            <file>file:/B:/JavaProject/CIX-war/src/java/fit5192/stu29184517/exBean.java</file>
            <file>file:/B:/JavaProject/CIX-war/web/exchange.xhtml</file>
            <file>file:/B:/JavaProject/CIX-war/web/index2.xhtml</file>
            <file>file:/B:/JavaProject/CIX-war/web/indextest.xhtml</file>
            <file>file:/B:/JavaProject/CIX-war/web/loginfail.xhtml</file>
            <file>file:/B:/JavaProject/CIX-war/src/java/fit5192/stu29184517/CommodityTrade.java</file>
        </group>
    </open-files>
</project-private>
