<?xml version="1.0" encoding="UTF-8"?>
<project-private xmlns="http://www.netbeans.org/ns/project-private/1">
    <editor-bookmarks xmlns="http://www.netbeans.org/ns/editor-bookmarks/2" lastBookmarkId="0"/>
    <open-files xmlns="http://www.netbeans.org/ns/projectui-open-files/2">
        <group>
            <file>file:/B:/JavaProject/CIX-common/src/fit5192/stu29184517/repository/TypesControl.java</file>
            <file>file:/B:/JavaProject/CIX-common/src/fit5192/stu29184517/repository/entities/Users.java</file>
            <file>file:/B:/JavaProject/CIX-common/src/fit5192/stu29184517/repository/entities/Types.java</file>
            <file>file:/B:/JavaProject/CIX-common/src/fit5192/stu29184517/repository/PossessionControl.java</file>
            <file>file:/B:/JavaProject/CIX-common/src/META-INF/persistence.xml</file>
            <file>file:/B:/JavaProject/CIX-common/src/fit5192/stu29184517/repository/SaleOrderControl.java</file>
            <file>file:/B:/JavaProject/CIX-common/src/fit5192/stu29184517/repository/entities/CommodityType.java</file>
            <file>file:/B:/JavaProject/CIX-common/src/fit5192/stu29184517/repository/entities/Exchange.java</file>
            <file>file:/B:/JavaProject/CIX-common/src/fit5192/stu29184517/repository/BuyOrderControl.java</file>
            <file>file:/B:/JavaProject/CIX-common/src/fit5192/stu29184517/repository/entities/SaleOrder.java</file>
            <file>file:/B:/JavaProject/CIX-common/src/fit5192/stu29184517/repository/entities/BuyOrder.java</file>
            <file>file:/B:/JavaProject/CIX-common/src/fit5192/stu29184517/repository/ExchangeControl.java</file>
            <file>file:/B:/JavaProject/CIX-common/src/fit5192/stu29184517/repository/PropertyRepository.java</file>
            <file>file:/B:/JavaProject/CIX-common/src/fit5192/stu29184517/repository/entities/Possession.java</file>
            <file>file:/B:/JavaProject/CIX-common/src/fit5192/stu29184517/repository/entities/Commodity.java</file>
            <file>file:/B:/JavaProject/CIX-common/src/fit5192/stu29184517/repository/UsersControl.java</file>
            <file>file:/B:/JavaProject/CIX-common/src/fit5192/stu29184517/repository/CommodityControl.java</file>
        </group>
    </open-files>
</project-private>
