<?xml version="1.0" encoding="UTF-8"?>
<project-private xmlns="http://www.netbeans.org/ns/project-private/1">
    <editor-bookmarks xmlns="http://www.netbeans.org/ns/editor-bookmarks/2" lastBookmarkId="0"/>
    <open-files xmlns="http://www.netbeans.org/ns/projectui-open-files/2">
        <group>
            <file>file:/B:/JavaProject/CTX-EJB/src/java/fit5192/stu29184517/repository/TypesJpaController.java</file>
            <file>file:/B:/JavaProject/CTX-EJB/test/fit5192/test.java</file>
            <file>file:/B:/JavaProject/CTX-EJB/src/java/fit5192/stu29184517/repository/CommodityJpaController.java</file>
            <file>file:/B:/JavaProject/CTX-EJB/src/java/fit5192/stu29184517/repository/CommodityTypeJpaController.java</file>
            <file>file:/B:/JavaProject/CTX-EJB/setup/glassfish-resources.xml</file>
            <file>file:/B:/JavaProject/CTX-EJB/nbproject/build-impl.xml</file>
            <file>file:/B:/JavaProject/CTX-EJB/src/java/fit5192/stu29184517/repository/UsersJpaController.java</file>
            <file>file:/B:/JavaProject/CTX-EJB/src/java/fit5192/stu29184517/repository/BuyOrderJpaController.java</file>
            <file>file:/B:/JavaProject/CTX-EJB/src/java/fit5192/stu29184517/repository/SaleOrderJpaController.java</file>
            <file>file:/B:/JavaProject/CTX-EJB/src/java/fit5192/stu29184517/repository/PossessionJpaController.java</file>
            <file>file:/B:/JavaProject/CTX-EJB/src/java/fit5192/stu29184517/repository/ExchangeJpaController.java</file>
        </group>
    </open-files>
</project-private>
